ItemNo,ItemTitle,Price,Hashtag,ImageUrl
siluo-X0006,エレガント ロングドレス 結婚式 お呼ばれ ワンピース 20代 30代 40代 パーティー 二次会 大きいサイズ 親族 演奏会 フォーマル キャバ,8490,#エレガント #ロングドレス #結婚式 #お呼ばれ #ワンピース #20代 #30代 #40代 #パーティー #二次会 #大きいサイズ #親族 #演奏会 #フォーマル #キャバ,https://img07.shop-pro.jp/PA01423/383/product/135946838.jpg
aixi_X0002,チャイナドレス風ワンピース 結婚式 お呼ばれ 20代 30代 40代 パーティードレス 二次会 大きいサイズ 親族 演奏会 フォーマル キャバ,11490,#チャイナドレス風ワンピース #結婚式 #お呼ばれ #20代 #30代 #40代 #パーティードレス #二次会 #大きいサイズ #親族 #演奏会 #フォーマル #キャバ,https://img07.shop-pro.jp/PA01423/383/product/135947386.jpg
aixi_X0003,チャイナドレス風ワンピース 結婚式 お呼ばれ 20代 30代 40代 パーティードレス 二次会 大きいサイズ 親族 演奏会 フォーマル キャバ,11490,#チャイナドレス風ワンピース #結婚式 #お呼ばれ #20代 #30代 #40代 #パーティードレス #二次会 #大きいサイズ #親族 #演奏会 #フォーマル #キャバ,https://img07.shop-pro.jp/PA01423/383/product/135947388.jpg
aixi_X0004,総レースドレス 結婚式 お呼ばれ ワンピース 20代 30代 40代 パーティードレス 二次会 大きいサイズ 親族 演奏会 フォーマル キャバ,13990,#総レースドレス #結婚式 #お呼ばれ #ワンピース #20代 #30代 #40代 #パーティードレス #二次会 #大きいサイズ #親族 #演奏会 #フォーマル #キャバ,https://img07.shop-pro.jp/PA01423/383/product/135947389.jpg
onedrsb-V0007,エレガント ホルターネック バックリボン シフォン マキシドレス ロングドレス パーティー ブライダル 20代 30代,10490,#エレガント #ホルターネック #バックリボン #シフォン #マキシドレス #ロングドレス #パーティー #ブライダル #20代 #30代,https://img07.shop-pro.jp/PA01423/383/product/135947542.jpg
onedrsb-V0008,かわいい アンティーク レース ドット チュール ロング ドレス ワンピース パーティー ブライダル 個性的 20代 30代,11490,#かわいい #アンティーク #レース #ドット #チュール #ロング #ドレス #ワンピース #パーティー #ブライダル #個性的 #20代 #30代,https://img07.shop-pro.jp/PA01423/383/product/135947544.jpg
onedrsb-V0023,上品 エレガント ロングドレス ハイネック 脚長効果 スタイリッシュ 結婚式 二次会 パーティー 20代 30代 40代,11490,#上品 #エレガント #ロングドレス #ハイネック #脚長効果 #スタイリッシュ #結婚式 #二次会 #パーティー #20代 #30代 #40代,https://img07.shop-pro.jp/PA01423/383/product/135947563.jpg
zinya-x0140,人気 Vネック レース ワンピース ドレス フリル袖 膝下 袖あり 結婚式 お呼ばれドレス 20代 30代 パーティードレス 花柄 刺繍 ワンピース,7990,#人気 #Vネック #レース #ワンピース #ドレス #フリル袖 #膝下 #袖あり #結婚式 #お呼ばれドレス #20代 #30代 #パーティードレス #花柄 #刺繍 #ワンピース,https://img07.shop-pro.jp/PA01423/383/product/144735678.jpg
inst-V0006,送料無料 Ａラインレディースアウター コート 秋冬 レディース服 大人可愛い コート アウター 大きいサイズ レディース ワンピースコート,8490,#送料無料 #Ａラインレディースアウター #コート #秋冬 #レディース服 #大人可愛い #コート #アウター #大きいサイズ #レディース #ワンピースコート,https://img07.shop-pro.jp/PA01423/383/product/144735730.jpg
inst-V0008,韓国ワンピース安い カジュアルワンピース 韓国ワンピース ロングワンピース,4490,#韓国ワンピース安い #カジュアルワンピース #韓国ワンピース #ロングワンピース,https://img07.shop-pro.jp/PA01423/383/product/144735864.jpg
zinya-x0144,ホルトネック ワンピース 大人かわいい ドレス パーティー パーティードレス ミモレ丈 袖あり 結婚式 ドレス お呼ばれ ワンピース 20代 ,7990,#ホルトネック #ワンピース #大人かわいい #ドレス #パーティー #パーティードレス #ミモレ丈 #袖あり #結婚式 #ドレス #お呼ばれ #ワンピース #20代 #,https://img07.shop-pro.jp/PA01423/383/product/144736063.jpg
inst-V0003,シックで品良く決まる！オープンショルダーワンピース 送料無料 結婚式 お呼ばれドレス 20代 30代 40代 パーティードレス 結婚式 二次会 ,11490,#シックで品良く決まる！オープンショルダーワンピース #送料無料 #結婚式 #お呼ばれドレス #20代 #30代 #40代 #パーティードレス #結婚式 #二次会 #,https://img07.shop-pro.jp/PA01423/383/product/144736121.jpg
zinya-x0110,超かわいい 結婚式 ドレス お呼ばれ ワンピース 20代 30代 40代 パーティードレス 二次会 大きいサイズ 親族 演奏会 フォーマル キャバ ,11490,#超かわいい #結婚式 #ドレス #お呼ばれ #ワンピース #20代 #30代 #40代 #パーティードレス #二次会 #大きいサイズ #親族 #演奏会 #フォーマル #キャバ #,https://img07.shop-pro.jp/PA01423/383/product/144736136.jpg
inst-V0001,1番人気の謝恩会ドレス パーティードレス 同窓会ドレス 結婚式コーデ 女子大生コーデ トレンドコーデ ゲストドレス プロムドレス 結婚式,8490,#1番人気の謝恩会ドレス #パーティードレス #同窓会ドレス #結婚式コーデ #女子大生コーデ #トレンドコーデ #ゲストドレス #プロムドレス #結婚式,https://img07.shop-pro.jp/PA01423/383/product/144736152.jpg
inst-V0005,パーティードレス 結婚式 二次会 ワンピース パーティードレス 大きいサイズ パーティードレス ロング ドレス ミモレ丈 パーティードレス,11490,#パーティードレス #結婚式 #二次会 #ワンピース #パーティードレス #大きいサイズ #パーティードレス #ロング #ドレス #ミモレ丈 #パーティードレス,https://img07.shop-pro.jp/PA01423/383/product/144736300.jpg
jstb-V0030,エレガントジャンプスーツドレス ジャンプスーツ レディース スーツ セットアップ レディース 夏 オールインワン セットアップ,11490,#エレガントジャンプスーツドレス #ジャンプスーツ #レディース #スーツ #セットアップ #レディース #夏 #オールインワン #セットアップ,https://img07.shop-pro.jp/PA01423/383/product/144736394.jpg
zinya-x0143,人気 羽スカート Vネック襟付き 半袖 マキシ丈 ワンピース 結婚式 お呼ばれ 袖あり 結婚式 お呼ばれ ドレス 20代 30代 40代 大きいサイズ,10490,#人気 #羽スカート #Vネック襟付き #半袖 #マキシ丈 #ワンピース #結婚式 #お呼ばれ #袖あり #結婚式 #お呼ばれ #ドレス #20代 #30代 #40代 #大きいサイズ,https://img07.shop-pro.jp/PA01423/383/product/144736469.jpg
inst-V0004,花柄 フレアスカート パーティードレス エレガント 大人可愛いパーティードレス 結婚式 お呼ばれドレス 20代 30代 40代 パーティードレス,6490,#花柄 #フレアスカート #パーティードレス #エレガント #大人可愛いパーティードレス #結婚式 #お呼ばれドレス #20代 #30代 #40代 #パーティードレス,https://img07.shop-pro.jp/PA01423/383/product/144736475.jpg
zinya-x0148,ベロア レース トップス 透け感 シースルー ワンピース パーティードレス ミモレ丈 袖あり 結婚式 ドレス お呼ばれ ワンピース 20代 パー,8490,#ベロア #レース #トップス #透け感 #シースルー #ワンピース #パーティードレス #ミモレ丈 #袖あり #結婚式 #ドレス #お呼ばれ #ワンピース #20代 #パー,https://img07.shop-pro.jp/PA01423/383/product/144736477.jpg
onedrsb-V0010,エレガント オフショルダー ドレス パーティードレス タイト 結婚式 ミモレ丈 結婚式 ドレス お呼ばれ ワンピース 30代 20代 結婚式 お呼,10490,#エレガント #オフショルダー #ドレス #パーティードレス #タイト #結婚式 #ミモレ丈 #結婚式 #ドレス #お呼ばれ #ワンピース #30代 #20代 #結婚式 #お呼,https://img07.shop-pro.jp/PA01423/383/product/144736479.jpg
zinya-x0146,大人気 レトロ ワンピース パーティードレス ミモレ丈 袖あり 刺&#32353; フォーマル ワンピース 結婚式 ドレス お呼ばれ ワンピース 20代 30代 ,7990,#大人気 #レトロ #ワンピース #パーティードレス #ミモレ丈 #袖あり #刺&#32353; #フォーマル #ワンピース #結婚式 #ドレス #お呼ばれ #ワンピース #20代 #30代 #,https://img07.shop-pro.jp/PA01423/383/product/144736577.jpg
onedrsb-V0014,大人可愛い フォーマル レース フィッシュテール アシンメトリー シフォン 結婚式 パーティードレス 20代 30代 ロングドレス 黒 黒ドレス,7490,#大人可愛い #フォーマル #レース #フィッシュテール #アシンメトリー #シフォン #結婚式 #パーティードレス #20代 #30代 #ロングドレス #黒 #黒ドレス,https://img07.shop-pro.jp/PA01423/383/product/144736588.jpg
inst-V0009,韓国服通販 20代ファッション 韓国レディース 韓国ワンピース安い カジュアルワンピース 韓国ワンピース ロングワンピース 大きいサイズ,6490,#韓国服通販 #20代ファッション #韓国レディース #韓国ワンピース安い #カジュアルワンピース #韓国ワンピース #ロングワンピース #大きいサイズ,https://img07.shop-pro.jp/PA01423/383/product/144736592.jpg
zinya-x0150,ホルトネック チュールドレス 半袖ワンピース 上品 黒のロングドレス 結婚式 お呼ばれドレス 20代 30代 黒ワンピースドレス ロングドレス,7990,#ホルトネック #チュールドレス #半袖ワンピース #上品 #黒のロングドレス #結婚式 #お呼ばれドレス #20代 #30代 #黒ワンピースドレス #ロングドレス,https://img07.shop-pro.jp/PA01423/383/product/144736620.jpg
inst-V0002,花柄レース刺繍入りミディ丈チュールドレス 結婚式ドレス 二次会コーデ#パーティードレス 演奏会ドレス,8490,#花柄レース刺繍入りミディ丈チュールドレス #結婚式ドレス #二次会コーデ#パーティードレス #演奏会ドレス,https://img07.shop-pro.jp/PA01423/383/product/144736873.jpg
zinya-x0145,総レース ワンピース パーティードレス ミモレ丈 袖あり 刺&#32353;フォーマル ワンピース 結婚式 ドレス お呼ばれ ワンピース 20代 30代 新作 ,7990,#総レース #ワンピース #パーティードレス #ミモレ丈 #袖あり #刺&#32353;フォーマル #ワンピース #結婚式 #ドレス #お呼ばれ #ワンピース #20代 #30代 #新作 #,https://img07.shop-pro.jp/PA01423/383/product/144736963.jpg
zinya-x0142,黒レース ワンピース 総レース ワンピース パーティー パーティードレス ミモレ丈 袖あり フリル袖 結婚式 お呼ばれ ドレス 20代 30代 ,7990,#黒レース #ワンピース #総レース #ワンピース #パーティー #パーティードレス #ミモレ丈 #袖あり #フリル袖 #結婚式 #お呼ばれ #ドレス #20代 #30代 #,https://img07.shop-pro.jp/PA01423/383/product/144736993.jpg
zinya-x0101,お得ドレス レース 結婚式 ドレス お呼ばれ ワンピース 20代 30代 40代 パーティードレス 二次会 大きいサイズ 親族 グリーン キャバ 結,8490,#お得ドレス #レース #結婚式 #ドレス #お呼ばれ #ワンピース #20代 #30代 #40代 #パーティードレス #二次会 #大きいサイズ #親族 #グリーン #キャバ #結,https://img07.shop-pro.jp/PA01423/383/product/144737003.jpg
zinya-x0147,かわいい レース ワンピース パーティードレス ミモレ丈 袖あり 刺&#32353; フォーマル ワンピース 結婚式 ドレス お呼ばれ ワンピース 20代 ワ,7990,#かわいい #レース #ワンピース #パーティードレス #ミモレ丈 #袖あり #刺&#32353; #フォーマル #ワンピース #結婚式 #ドレス #お呼ばれ #ワンピース #20代 #ワ,https://img07.shop-pro.jp/PA01423/383/product/144737063.jpg
